age,gender,race,annual_income,credit_score,loan_amount,debt_to_income_ratio,employment_length,approved
72,0,2,20000,718,205321,0.136,1.4,1
53,1,1,23069,752,52991,0.057,6.6,1
68,1,0,68025,823,204534,0.327,16.5,1
67,0,0,111179,700,113450,0.233,2.7,1
38,1,0,20000,769,104647,0.023,4.8,1
28,1,0,40586,670,149321,0.089,10.2,1
31,0,1,20000,782,152600,0.113,0.7,1
43,1,0,20000,620,158766,0.286,15.6,0
58,0,1,205563,524,136515,0.295,11.9,1
73,0,0,199341,581,20833,0.471,0.1,0
49,1,3,71647,659,200546,0.111,0.9,1
29,1,2,58839,804,104216,0.223,3.9,1
56,1,1,20000,566,70942,0.138,4.2,0
64,0,1,20000,768,230840,0.112,0.0,0
36,1,0,31257,674,90429,0.161,2.4,0
61,1,0,108674,641,138119,0.211,11.9,1
33,0,1,30695,850,109011,0.061,3.0,0
51,1,1,20000,752,127825,0.18,13.2,1
48,0,0,30855,850,47740,0.24,1.6,0
77,1,0,106277,637,137315,0.249,1.6,1
45,0,0,32143,479,123551,0.429,7.1,0
68,0,0,76935,809,118067,0.102,3.5,1
74,0,1,500000,666,185579,0.141,2.7,1
28,1,0,27886,850,209212,0.15,5.2,1
62,0,2,21924,624,329359,0.176,5.0,1
60,0,2,46066,649,159625,0.06,0.1,0
43,0,0,64263,740,115165,0.318,2.6,1
28,0,0,26366,834,60958,0.222,24.4,1
41,1,2,41950,770,10000,0.172,6.8,1
26,0,1,54034,591,270143,0.246,13.1,1
64,0,0,36371,850,70124,0.19,28.9,0
73,0,0,20000,671,125668,0.04,8.2,0
63,1,0,20000,850,242764,0.262,16.7,1
77,1,0,90345,850,211124,0.179,3.8,0
61,0,1,66496,656,120673,0.035,5.3,1
43,0,0,149111,792,123225,0.158,1.3,1
34,1,0,185214,664,201583,0.269,4.0,1
49,0,0,138872,737,137687,0.104,2.9,0
49,1,0,20000,614,68481,0.078,1.0,1
76,0,2,53277,793,210508,0.037,1.5,1
30,0,0,109305,531,115874,0.132,4.4,1
29,0,1,56039,605,121448,0.231,5.1,0
31,1,0,42307,748,10000,0.232,15.2,1
41,0,0,40042,706,263250,0.392,11.7,1
39,1,1,43919,697,143954,0.355,7.0,1
42,1,0,180349,545,92061,0.376,4.8,1
33,0,0,39441,764,257582,0.416,1.7,1
36,1,0,27658,690,250500,0.068,5.9,1
32,1,0,27752,823,271105,0.095,1.0,0
74,0,3,20000,631,156643,0.038,2.7,0
69,0,0,37293,555,129850,0.261,1.5,0
79,1,0,20747,728,191638,0.056,4.4,0
38,0,0,33399,595,127677,0.055,6.6,1
31,0,0,34589,680,139073,0.14,2.0,0
78,1,1,43290,736,125578,0.085,3.9,0
52,0,0,33664,539,75278,0.212,2.0,1
56,0,1,23958,659,146766,0.035,0.3,1
19,0,0,20000,644,184394,0.09,3.2,0
31,1,2,30980,850,11445,0.048,3.5,1
26,0,0,20000,798,132306,0.36,2.3,1
45,0,2,80650,625,248232,0.093,4.8,1
43,0,0,84719,700,275610,0.039,0.2,1
35,0,2,20000,600,137031,0.429,5.1,0
20,0,0,31909,706,10364,0.055,3.4,1
71,1,0,88170,745,182593,0.248,0.1,0
54,0,0,22139,549,78838,0.243,1.5,0
65,1,2,20000,725,284838,0.072,3.3,1
23,0,0,83653,541,110073,0.412,7.8,1
63,0,0,60708,761,48405,0.22,0.1,0
61,1,2,53665,736,131918,0.3,4.3,0
27,1,2,20000,712,291425,0.221,7.0,1
71,1,0,45835,748,104719,0.129,2.4,1
60,1,0,35125,662,203919,0.125,3.4,0
32,1,0,20000,674,176964,0.231,0.7,0
49,0,0,182948,619,151056,0.07,1.9,1
56,0,0,79694,727,117590,0.256,16.0,1
74,1,0,20408,822,100391,0.179,10.0,0
36,1,0,33652,793,166128,0.067,8.5,1
39,0,2,48156,850,238642,0.12,2.0,1
31,0,0,69982,723,118755,0.074,4.2,1
39,0,0,20000,807,81014,0.047,10.0,0
56,1,0,22442,760,160515,0.212,8.6,1
71,1,0,108665,850,303221,0.216,2.8,1
55,1,2,80532,756,232123,0.178,1.2,1
30,0,0,46303,682,135265,0.064,0.0,0
79,1,1,50071,803,98649,0.181,6.5,1
48,1,3,38359,751,50841,0.279,0.8,0
34,0,0,29428,709,182672,0.107,0.9,0
41,0,1,20498,597,139115,0.409,3.2,0
56,0,0,20542,722,64699,0.139,1.5,1
47,0,1,20000,723,59228,0.131,2.5,1
54,0,0,62077,721,77403,0.127,7.4,1
26,0,2,24575,619,74437,0.286,6.5,0
78,1,0,21654,740,253073,0.109,9.7,0
36,1,0,76180,693,57306,0.198,4.4,0
30,0,0,27474,649,227600,0.076,0.3,0
56,1,0,21449,708,95418,0.192,6.8,1
32,0,0,39132,628,266494,0.208,2.3,0
66,0,0,23773,635,101080,0.07,1.5,0
66,1,0,33066,850,97511,0.166,9.1,1
47,1,0,32543,674,173733,0.245,4.9,0
63,1,0,20000,696,74189,0.373,2.2,0
74,1,2,63292,634,150212,0.13,6.3,1
49,1,0,20000,731,53034,0.347,11.4,1
26,0,2,20000,850,85643,0.223,5.8,0
76,1,0,33768,839,157524,0.027,3.9,0
69,1,0,31371,618,183714,0.178,3.9,0
59,1,0,75857,850,181039,0.171,2.3,1
18,1,0,20000,657,218542,0.328,8.1,1
66,1,0,21010,605,85109,0.084,0.8,1
48,0,0,74005,715,97370,0.178,0.7,1
76,0,0,20000,549,161301,0.128,1.8,0
39,1,1,30175,789,221020,0.206,0.4,1
21,1,0,40911,653,282366,0.287,5.5,0
54,0,1,21348,682,142359,0.119,0.5,1
38,0,0,73301,600,191840,0.12,1.9,1
43,0,0,97034,699,167806,0.182,5.1,1
74,1,0,109296,808,63567,0.288,4.6,1
29,1,0,149193,710,220891,0.252,4.9,1
30,1,0,44253,593,221737,0.044,1.8,0
57,1,1,20000,714,101379,0.16,4.2,0
25,1,0,56859,587,44569,0.186,0.1,1
67,0,0,98286,495,111979,0.236,4.5,0
20,1,0,20000,744,315389,0.271,2.2,1
57,0,0,20000,646,198334,0.13,1.7,1
71,0,0,70050,730,326275,0.02,6.7,1
42,1,2,20000,692,295519,0.133,3.3,0
64,1,1,20000,727,62497,0.199,5.1,0
71,1,0,39752,652,56673,0.263,6.4,0
49,0,1,20000,850,139754,0.181,3.9,0
46,1,0,20654,754,91976,0.182,1.5,0
43,0,0,43465,666,104654,0.25,7.8,1
66,0,1,20000,630,212236,0.007,0.3,1
75,1,0,200876,801,211574,0.054,5.4,1
30,1,1,68828,780,57801,0.122,0.3,1
69,1,2,20000,591,56568,0.007,1.6,1
78,1,1,73945,843,90261,0.205,12.6,1
40,0,0,23943,686,187393,0.262,14.6,0
38,1,0,36765,623,245546,0.043,0.3,1
70,1,1,46902,599,113300,0.279,1.2,1
46,1,0,20000,706,74692,0.18,9.2,0
64,1,2,230796,767,107052,0.362,11.0,1
55,1,0,20000,766,96238,0.113,8.2,0
79,0,1,80998,707,36217,0.148,1.9,1
20,0,0,124160,713,242914,0.083,7.5,1
62,0,0,20000,678,160527,0.106,0.4,0
70,0,0,46631,834,161827,0.02,7.0,1
70,0,0,20000,584,188480,0.194,4.8,0
64,0,1,20000,801,198319,0.058,1.4,1
49,0,0,29702,682,143087,0.118,16.6,0
63,1,0,22250,694,74324,0.151,5.3,1
50,1,2,20000,681,186526,0.067,6.3,1
27,0,0,81119,850,171501,0.207,2.1,1
39,1,0,25579,503,234430,0.212,5.9,1
44,0,2,28872,816,149799,0.423,6.1,1
42,0,0,20000,564,93888,0.065,4.5,0
66,1,0,32392,730,84372,0.232,0.2,0
77,0,0,27962,605,275304,0.195,4.1,0
57,1,1,43580,564,185553,0.121,0.1,0
61,0,3,20000,591,70865,0.147,0.9,0
55,1,1,107255,850,76887,0.151,2.9,1
77,1,0,29982,379,149843,0.25,8.6,0
37,0,1,20000,760,94528,0.159,2.0,0
54,1,0,117011,725,260541,0.185,6.0,1
22,0,2,55512,644,249282,0.155,4.2,1
26,0,1,20000,794,151269,0.068,16.4,1
43,0,0,53226,839,88105,0.189,8.2,1
30,0,0,20000,760,197300,0.365,0.9,1
21,1,0,52353,695,244697,0.054,0.7,1
42,1,0,28822,768,103894,0.238,10.3,1
34,1,0,20000,599,174074,0.11,2.0,1
46,1,0,54540,705,68497,0.1,5.2,1
70,1,0,184107,771,221527,0.081,10.5,1
40,1,0,25947,790,28428,0.247,2.3,1
37,0,0,28817,661,27238,0.231,3.4,1
27,0,0,78153,719,143722,0.318,11.0,1
30,0,0,20000,717,121203,0.149,12.8,0
77,0,1,21381,679,168437,0.112,0.5,0
53,0,3,25843,678,110764,0.353,0.6,0
21,1,0,45918,678,81521,0.09,2.7,0
37,1,2,74892,787,248908,0.212,10.1,1
45,0,0,20000,649,42836,0.042,2.9,0
50,0,0,51189,669,166165,0.174,1.3,0
47,0,2,54589,656,103919,0.213,1.0,1
40,1,2,99461,708,70986,0.299,1.7,1
32,1,0,31106,705,189622,0.292,1.2,1
71,0,0,37205,850,81748,0.061,0.9,0
71,0,1,44207,684,265860,0.049,0.4,1
73,1,0,48036,835,141432,0.281,5.0,1
52,0,1,20000,652,224332,0.209,6.7,0
33,1,0,162328,696,153662,0.075,0.5,0
70,1,0,20000,652,253124,0.238,4.7,1
76,1,2,20325,850,129311,0.161,1.4,1
36,0,1,20000,834,220426,0.046,4.9,1
62,1,0,64210,540,68734,0.31,4.9,1
74,1,0,34296,791,40245,0.169,0.7,0
53,1,1,27630,469,327630,0.168,1.7,0
32,1,0,27967,742,29072,0.212,2.9,1
73,1,0,20000,709,170803,0.264,3.4,1
18,0,0,53650,776,127659,0.148,5.9,1
36,0,0,98405,794,83235,0.004,2.1,0
43,0,0,68261,706,133250,0.129,25.2,0
45,1,2,24369,488,333878,0.178,4.9,0
26,0,0,20000,658,10000,0.051,6.7,1
31,0,0,20000,756,220110,0.217,6.9,0
59,0,0,177373,722,215646,0.361,8.3,0
78,1,0,40014,632,33123,0.093,4.3,1
26,0,3,34302,594,227972,0.165,5.0,0
75,1,0,34467,718,188294,0.144,3.1,1
65,1,0,20000,658,111792,0.175,6.7,0
62,1,0,61142,722,270786,0.152,2.4,1
33,0,0,37611,640,201583,0.074,3.4,0
48,1,0,111936,634,184428,0.268,3.7,1
22,0,1,23482,524,129738,0.347,4.6,1
41,0,0,22212,825,165927,0.132,6.8,1
41,1,0,20630,632,99403,0.064,0.7,1
61,1,2,66519,699,168420,0.145,1.5,0
74,1,1,32933,828,151040,0.207,0.3,1
37,0,0,27749,749,145112,0.178,0.4,1
27,1,0,20000,850,134593,0.273,1.8,0
72,0,3,22817,673,54180,0.151,1.2,1
56,0,1,92250,850,245256,0.046,2.9,0
53,0,1,146318,669,240331,0.233,4.5,1
58,1,0,23657,534,10000,0.131,0.4,0
46,0,0,109113,596,121165,0.076,1.0,1
47,0,3,44439,578,44539,0.238,1.2,0
69,0,0,38595,645,12226,0.21,4.9,0
42,1,0,20000,539,169393,0.163,13.1,0
78,1,1,155869,713,254107,0.364,1.2,1
43,1,0,20000,665,205951,0.091,15.3,1
50,1,0,46946,704,199732,0.388,8.4,0
56,1,1,57738,634,19216,0.253,0.2,1
66,1,0,20000,746,241638,0.199,2.7,0
41,0,0,30196,757,104988,0.28,0.9,0
51,1,0,58666,722,10000,0.183,2.4,0
79,1,0,26103,650,105626,0.292,0.4,1
53,0,0,77735,645,29700,0.185,4.3,0
49,1,0,110591,729,200832,0.026,3.8,1
66,1,1,197580,766,127802,0.204,35.9,1
36,0,0,35287,722,78287,0.233,0.8,0
75,0,0,20000,697,37865,0.227,5.3,0
47,1,0,55598,804,125209,0.341,6.1,1
65,1,0,20000,639,195413,0.08,0.8,0
23,0,2,26069,688,175752,0.252,3.3,1
58,1,3,57171,825,87570,0.34,4.6,1
61,0,0,52077,622,222733,0.057,2.1,1
61,1,1,20000,720,162793,0.09,0.6,1
45,0,0,44047,661,74570,0.035,12.2,1
36,0,3,108581,657,209053,0.046,4.5,1
69,1,1,40264,741,147851,0.206,3.4,0
65,0,0,70818,808,130333,0.193,0.7,0
55,1,1,20000,575,97686,0.252,5.8,0
35,0,0,33010,538,226014,0.259,0.4,0
78,0,0,74690,677,155590,0.132,3.5,1
20,0,2,47955,630,79048,0.112,0.7,0
25,0,2,20000,844,155383,0.19,20.0,1
42,0,0,26947,844,214905,0.279,1.5,0
65,1,0,43474,650,140121,0.2,4.5,1
74,0,0,20000,845,215507,0.21,1.3,1
68,0,1,39514,700,105998,0.1,1.9,0
25,1,0,29162,586,10000,0.052,3.9,1
50,0,1,23418,669,113492,0.246,26.3,0
78,0,0,20000,628,141942,0.077,9.5,1
51,0,0,20000,850,51837,0.053,1.4,1
45,0,1,20000,663,88319,0.115,4.9,0
32,0,0,61294,543,254575,0.115,3.7,1
77,0,0,93158,692,101891,0.07,8.1,1
41,0,0,40869,759,145040,0.502,4.7,0
62,0,0,105030,714,235090,0.472,1.6,1
64,0,0,28191,593,184472,0.199,6.3,1
19,0,3,32665,734,135148,0.011,4.4,1
73,1,0,30515,789,136830,0.166,2.7,1
78,0,0,95380,790,169724,0.025,2.4,1
65,1,1,91874,709,33133,0.181,4.0,1
20,0,0,47902,515,144113,0.21,19.2,1
46,1,3,20000,571,179623,0.109,2.8,0
69,0,2,45425,816,157424,0.168,7.2,1
31,0,0,20000,671,94011,0.353,10.6,0
56,0,0,52679,850,162348,0.085,4.1,0
32,1,0,43701,519,130942,0.072,1.9,1
33,1,0,20000,579,215205,0.217,0.4,0
57,0,1,20673,818,162809,0.286,6.5,0
70,1,0,80245,604,10000,0.076,3.0,0
20,1,0,27596,627,64552,0.11,2.7,0
56,0,0,22832,689,146181,0.212,0.4,0
35,0,0,115158,709,226776,0.126,8.9,0
60,0,1,48418,814,180802,0.017,11.6,1
23,1,0,24319,668,165793,0.129,4.6,0
25,1,0,21222,676,157016,0.086,8.2,1
68,1,0,61333,527,286642,0.078,6.6,1
64,1,0,58534,557,129576,0.196,23.7,1
59,1,0,20000,850,255541,0.128,7.2,1
76,1,0,31223,798,155243,0.171,1.4,1
30,1,0,31609,715,10000,0.286,1.2,0
61,0,0,24116,762,81521,0.056,1.6,1
38,0,0,92763,715,225818,0.1,1.9,0
63,0,0,20000,797,226962,0.09,1.6,1
28,1,0,36764,647,47877,0.113,13.4,0
45,0,0,81555,798,164708,0.223,2.8,0
55,1,3,33007,564,98927,0.103,2.5,0
18,0,0,78781,637,10000,0.325,1.4,0
40,1,3,20000,637,274715,0.28,1.0,1
70,1,3,24754,695,45221,0.263,3.6,1
61,0,1,20000,673,169134,0.24,1.3,0
79,1,0,22822,743,91657,0.141,5.4,1
38,0,0,43637,685,54412,0.256,1.8,1
51,0,0,20000,466,127097,0.16,9.9,0
69,1,0,165070,734,187792,0.075,1.1,1
74,0,0,20000,828,91810,0.237,3.3,0
54,0,0,20000,619,76621,0.092,3.4,0
61,0,0,20000,712,95683,0.061,4.4,1
24,0,2,126779,850,226912,0.168,5.2,1
68,0,1,20000,757,10000,0.136,7.3,1
18,0,1,47844,837,184248,0.175,3.4,1
55,0,0,20000,667,79763,0.098,20.0,1
58,1,0,54725,732,151500,0.376,31.5,1
63,0,0,74219,571,66981,0.292,0.4,0
36,1,0,47635,718,118960,0.093,0.7,1
43,0,0,20000,665,314860,0.053,1.7,0
42,1,0,24961,704,20808,0.344,4.1,1
27,0,0,197133,635,93619,0.264,4.2,1
58,0,0,21340,716,195474,0.178,10.3,1
68,0,0,38706,759,211149,0.311,2.8,0
50,0,1,22996,571,201713,0.252,9.8,0
59,0,0,30874,830,115243,0.249,9.7,1
74,0,0,63331,666,146095,0.162,6.6,0
47,0,1,76711,597,217335,0.04,2.5,1
36,1,0,20000,541,77892,0.199,0.8,1
39,1,0,57371,749,150429,0.317,7.3,1
26,0,0,48322,704,151757,0.044,3.2,0
69,0,0,85164,539,115195,0.29,1.5,0
28,1,0,60787,716,185524,0.224,1.1,1
20,1,0,37938,589,151053,0.027,13.0,1
37,1,2,20000,850,70645,0.163,6.0,1
66,1,1,49607,671,169091,0.273,17.2,0
28,1,0,49526,557,24381,0.197,0.6,0
64,1,0,77876,738,10000,0.248,5.1,0
60,0,0,167213,850,131184,0.268,5.3,1
18,0,0,58517,573,246900,0.219,5.3,1
34,1,0,20000,607,64043,0.216,6.9,1
18,0,0,36405,582,268632,0.197,13.1,1
59,1,0,78439,821,163200,0.04,0.5,1
79,1,0,23320,688,117171,0.115,0.4,0
25,1,0,106585,606,200065,0.188,0.5,0
43,0,3,37258,569,234561,0.401,14.2,0
66,1,0,28087,766,187902,0.183,1.5,0
77,1,2,35415,476,78166,0.108,0.7,0
41,1,1,59308,581,105941,0.112,2.1,1
49,1,0,144904,850,146184,0.082,2.0,1
40,1,0,30014,768,299261,0.291,2.1,1
59,0,0,34288,632,209022,0.065,1.1,1
44,1,1,68024,585,163182,0.208,6.1,0
59,0,0,45472,679,10000,0.303,6.9,0
67,0,0,29373,684,69909,0.156,4.5,1
29,1,0,93388,531,63101,0.206,3.2,1
72,1,0,27813,823,232690,0.011,2.1,1
61,1,0,40437,664,168927,0.189,5.1,0
75,1,0,20944,707,127197,0.148,5.4,0
55,1,0,20000,710,10000,0.068,3.1,0
56,0,1,20000,803,189423,0.14,0.9,1
19,0,1,20000,688,237820,0.157,0.0,0
44,1,0,74757,817,115373,0.413,12.3,0
75,1,0,20000,608,297851,0.34,3.1,1
72,1,0,129801,786,191279,0.279,2.8,1
22,1,0,65179,622,141084,0.152,9.6,0
69,0,1,109349,560,244752,0.04,6.5,0
59,0,2,44943,632,239253,0.191,5.9,1
38,1,0,53244,777,250151,0.265,10.0,0
22,0,3,24167,703,159119,0.125,2.2,0
58,0,0,20000,648,158342,0.04,1.0,0
41,0,0,48587,812,134354,0.208,0.6,1
33,1,0,35814,822,155365,0.183,1.5,1
36,1,0,181799,683,28675,0.201,0.3,1
20,1,2,221188,708,209405,0.109,5.0,1
59,1,0,37392,727,133928,0.041,8.1,0
64,0,2,20000,668,215466,0.076,8.6,1
44,1,0,37272,771,94486,0.02,9.0,1
22,0,1,40513,831,111747,0.303,7.7,1
60,1,0,25339,658,140922,0.204,7.8,0
19,1,2,27922,575,153757,0.214,0.2,0
67,1,0,26157,703,98436,0.291,0.6,0
51,0,0,20000,778,39324,0.195,13.1,1
26,0,0,20000,658,186650,0.115,7.4,1
63,1,0,103432,673,179915,0.316,0.8,1
56,1,1,23843,655,58127,0.31,2.2,1
50,1,3,20878,565,154496,0.071,2.4,1
68,1,0,20000,826,17201,0.015,1.5,1
59,1,0,136253,751,115750,0.041,14.9,1
27,1,0,21066,844,96036,0.054,1.3,0
59,1,0,29166,715,215785,0.434,0.8,1
29,1,0,20000,643,309249,0.042,7.8,1
44,0,2,20000,768,82703,0.162,0.2,0
29,0,0,77168,582,65465,0.111,10.7,0
31,1,0,45073,608,201888,0.155,14.3,1
59,0,2,56231,715,138492,0.253,6.8,0
63,0,0,20000,670,108158,0.21,5.0,1
50,1,0,26995,679,197569,0.348,7.2,0
28,1,0,35975,589,112910,0.206,12.5,0
59,0,0,24772,746,187479,0.196,3.4,0
23,0,0,65981,687,171998,0.15,1.5,1
67,0,0,20000,702,50394,0.04,1.1,1
25,1,1,20000,708,117764,0.184,9.9,1
40,1,0,60892,763,205963,0.188,2.0,1
76,1,3,73451,850,165415,0.16,10.6,1
26,0,3,22627,683,298515,0.005,0.2,1
70,0,0,20000,645,296092,0.042,3.8,1
79,0,0,36304,646,70678,0.211,0.2,0
32,1,3,20000,667,148215,0.049,0.0,0
22,1,1,50949,528,179753,0.268,0.2,0
19,0,0,20000,811,16998,0.229,0.6,0
61,0,0,30461,776,374905,0.106,2.7,1
69,0,0,81479,635,104506,0.149,1.8,1
47,0,2,25966,778,67271,0.245,4.1,0
39,0,0,181020,604,210556,0.091,6.5,1
47,0,1,33952,731,269077,0.163,1.8,1
40,1,1,20000,606,152432,0.164,3.7,0
32,1,1,62241,637,181116,0.188,0.7,0
49,1,1,58429,593,134197,0.418,12.6,1
79,1,0,20000,751,235398,0.252,2.4,1
77,0,0,23863,757,47480,0.028,3.5,0
65,0,1,112146,609,62876,0.239,11.4,0
36,0,2,21044,819,189507,0.223,1.0,0
30,0,0,146306,643,259100,0.248,14.1,1
66,0,0,94027,684,197894,0.151,5.6,1
60,0,2,45789,773,349599,0.16,1.7,0
45,1,0,24237,707,10000,0.135,2.2,0
75,0,0,58493,850,222647,0.235,6.7,1
59,0,1,56607,780,245311,0.196,9.5,1
20,0,0,20000,790,182704,0.339,3.2,0
45,0,2,51017,505,178768,0.194,0.1,0
35,1,1,20000,659,118834,0.278,7.7,1
54,0,3,20000,662,137270,0.223,6.0,0
30,0,0,20000,833,270476,0.104,8.8,1
23,0,1,22625,833,52447,0.172,4.1,1
50,0,0,126361,545,97292,0.223,6.2,0
26,1,0,28428,622,80301,0.111,4.4,1
33,0,0,177039,734,196061,0.233,9.5,1
23,1,0,20000,850,217569,0.186,1.5,0
54,1,1,20000,773,153936,0.082,13.9,1
30,1,0,20000,731,91726,0.17,12.6,0
39,1,0,20656,704,238524,0.082,2.8,1
45,1,0,42969,674,342387,0.204,0.7,0
49,0,2,40993,690,157553,0.119,2.6,1
38,0,1,45554,592,205117,0.3,1.1,0
60,1,1,23706,817,57736,0.17,4.1,1
45,0,0,20000,605,82969,0.16,6.3,1
39,1,0,20000,682,197053,0.343,4.5,1
26,0,0,20000,590,84815,0.071,1.2,0
23,0,1,55045,748,161893,0.282,1.3,0
55,0,1,73269,840,218051,0.226,0.6,1
32,0,0,64279,575,122896,0.08,1.9,1
35,0,2,127333,850,44961,0.305,5.6,1
30,1,3,20000,713,83799,0.454,21.8,1
35,1,0,20000,735,285967,0.292,5.0,0
40,1,0,20000,630,263434,0.257,4.7,1
60,1,0,41770,605,82335,0.239,0.2,0
38,0,0,36938,564,104574,0.223,1.1,0
35,0,0,20152,835,207674,0.164,2.2,1
67,0,0,166227,736,189520,0.271,0.0,1
78,0,0,34192,793,274994,0.027,2.5,0
42,0,3,75122,658,27975,0.162,4.4,0
46,1,0,20000,698,165981,0.132,4.1,1
79,1,0,52980,850,53392,0.234,12.5,1
74,1,0,56478,850,165145,0.107,5.8,1
52,0,3,101663,720,223160,0.08,11.0,0
20,0,0,63156,677,185758,0.156,1.3,1
42,0,0,32378,678,165499,0.066,4.9,0
61,0,1,27042,596,151462,0.048,0.6,1
20,0,0,29063,757,120405,0.429,19.9,1
78,0,0,20000,822,99843,0.16,1.5,1
52,1,0,69665,733,243202,0.037,9.7,1
50,0,0,73077,682,10000,0.15,8.0,1
69,1,0,71423,739,44350,0.229,3.8,0
72,0,1,20000,702,106905,0.201,1.7,1
36,0,0,33111,646,207188,0.216,6.3,0
72,1,0,68041,713,97003,0.214,5.4,1
37,1,0,95636,799,108129,0.255,5.7,0
55,0,0,38290,700,219968,0.302,10.1,1
38,1,0,20000,850,84378,0.109,0.7,1
57,0,1,97030,744,113657,0.058,3.2,0
40,1,0,191477,752,128952,0.059,4.2,1
74,1,2,28420,749,84230,0.2,15.6,1
78,0,0,45666,612,125756,0.215,4.8,1
47,0,0,37426,831,208537,0.097,2.6,0
32,1,0,23301,674,200766,0.081,0.8,0
18,0,0,54880,523,209582,0.239,9.4,1
72,0,3,32425,692,191078,0.119,1.6,0
41,1,0,20000,660,85375,0.179,6.3,0
37,1,0,41361,767,195519,0.19,9.1,1
40,0,2,20000,679,139758,0.229,15.0,1
72,1,0,92403,820,96105,0.193,5.6,1
49,1,1,20000,422,139946,0.122,6.6,0
41,0,0,33173,574,199589,0.112,1.5,0
66,0,0,50724,848,84737,0.312,3.0,1
52,1,0,20000,830,142288,0.135,5.6,1
41,0,2,52923,790,112158,0.2,0.9,1
40,1,0,20000,850,73733,0.114,3.0,0
40,0,0,20000,850,139145,0.401,0.5,1
33,1,0,20000,844,180919,0.043,7.5,1
54,1,2,42703,476,187600,0.238,12.3,0
47,1,0,52742,707,34053,0.101,0.1,1
60,0,0,20000,725,157800,0.142,2.2,1
76,0,0,24254,751,196655,0.279,6.3,0
20,0,2,185519,802,119631,0.133,7.5,1
46,1,0,23472,594,168934,0.203,4.7,0
35,1,0,234495,757,206983,0.318,0.6,1
54,0,0,32568,654,109159,0.185,2.9,1
70,0,1,80874,720,203661,0.387,4.6,1
26,1,1,84823,681,36553,0.404,5.8,1
70,1,2,118365,623,183079,0.195,2.3,1
19,0,2,25237,850,95559,0.129,3.0,0
34,1,3,181567,592,10000,0.122,5.1,1
35,0,0,63521,689,47621,0.075,12.0,0
50,1,0,37544,573,112035,0.305,3.0,0
73,1,1,20000,683,112443,0.234,0.3,1
56,0,1,50070,820,166481,0.4,1.7,1
74,0,0,50637,835,174649,0.22,15.5,0
63,1,1,67264,850,10000,0.161,7.8,1
60,1,0,55955,702,115132,0.272,0.2,0
33,0,0,52779,575,105154,0.223,1.6,1
46,0,1,25258,754,123931,0.133,0.6,0
22,1,3,44441,623,109915,0.136,6.9,1
66,0,0,96154,814,282003,0.348,21.3,1
50,0,0,125870,815,108239,0.126,4.7,1
31,1,0,48049,663,85259,0.167,0.8,0
72,1,0,32699,717,91649,0.113,3.0,1
28,1,2,22927,750,129191,0.218,1.5,1
39,0,2,20000,778,154181,0.005,4.2,1
24,1,0,20000,674,140607,0.274,6.8,0
56,1,0,38091,769,110187,0.069,2.8,1
37,1,1,105004,771,149417,0.205,12.8,1
18,1,0,32386,801,120603,0.289,1.3,0
34,0,0,20000,509,296524,0.069,17.1,0
60,1,1,64809,837,140019,0.27,6.7,1
44,0,2,38880,714,139509,0.244,14.7,1
28,0,1,20000,693,143428,0.19,0.0,1
46,1,1,20000,810,90658,0.392,3.6,1
34,0,3,20545,680,122013,0.201,1.2,0
30,1,0,143969,598,267028,0.249,0.6,0
74,0,2,20000,650,16778,0.077,0.1,1
30,1,0,20000,615,156940,0.325,3.9,1
50,1,1,170480,608,10000,0.281,0.0,0
41,1,0,28055,739,118204,0.234,4.5,1
53,1,0,34694,636,218123,0.192,2.2,0
22,0,1,43178,850,143143,0.174,2.7,1
50,0,2,41062,793,70434,0.102,1.0,0
31,1,0,20000,592,80256,0.321,13.9,1
62,1,0,20000,518,224617,0.103,6.2,0
37,1,0,20000,780,193663,0.115,6.7,1
23,1,0,20000,766,170140,0.104,4.7,0
78,0,0,23459,600,165112,0.132,7.5,1
28,0,2,50098,518,205479,0.251,0.6,0
19,1,0,84834,752,113521,0.21,9.6,1
27,1,1,25439,706,129959,0.104,16.2,1
23,1,3,46159,723,139247,0.126,4.9,1
39,1,0,64886,730,206879,0.034,10.6,0
35,0,3,40354,650,193673,0.229,0.9,0
78,0,0,26644,712,178184,0.199,10.2,1
52,1,0,83412,669,115068,0.21,3.3,1
68,0,0,75371,635,160755,0.098,6.3,1
48,1,0,25186,606,119585,0.089,8.1,1
22,1,0,20193,592,40489,0.145,5.1,1
57,1,0,70622,646,193106,0.108,4.8,0
63,1,0,57287,786,196326,0.011,0.7,1
46,1,0,129179,631,206602,0.191,2.1,0
55,0,1,36532,696,72755,0.089,0.5,1
58,0,0,20000,789,10000,0.077,3.2,1
63,1,1,49830,695,250684,0.392,2.4,0
62,0,0,46854,680,47350,0.213,4.8,0
52,1,1,28225,785,171709,0.151,1.9,1
60,1,0,41140,667,203108,0.274,6.1,1
54,0,0,22675,768,44012,0.081,9.7,1
45,0,1,28365,691,171166,0.115,9.1,1
56,1,2,41005,736,133088,0.187,2.1,1
49,1,0,37234,544,272418,0.145,16.7,0
32,0,0,83097,617,53039,0.408,2.3,1
74,1,3,218801,714,296044,0.132,3.1,1
24,1,1,28796,759,109653,0.06,0.1,1
73,0,1,24403,568,111755,0.37,9.1,1
20,0,0,48427,802,150043,0.139,13.5,1
62,1,0,102113,630,166776,0.27,10.5,1
46,1,3,70988,707,92172,0.079,3.5,1
40,0,3,20000,548,80536,0.23,0.2,0
26,0,0,24373,795,189215,0.21,4.3,0
57,0,1,20000,747,113055,0.273,4.0,1
72,1,0,37250,711,175491,0.051,2.7,1
73,0,0,20000,621,152278,0.224,2.4,0
45,1,0,28867,766,142796,0.245,0.8,0
39,1,1,20000,667,10000,0.183,1.8,0
58,1,0,20000,850,172142,0.176,7.0,1
62,0,0,78280,639,208728,0.207,5.8,0
35,1,0,53603,690,127223,0.103,1.0,1
57,0,0,101893,761,225478,0.202,12.2,1
66,0,0,35052,792,74739,0.193,2.5,1
56,0,0,26613,808,141463,0.266,1.5,1
37,1,0,83154,706,196938,0.314,1.7,0
19,1,0,26921,677,116241,0.031,0.9,1
30,0,2,33098,779,211038,0.27,3.6,1
45,0,0,106277,594,18813,0.09,12.3,1
36,0,0,39912,743,138347,0.078,3.1,0
44,1,0,20000,683,121891,0.082,5.9,1
45,0,0,23174,769,37678,0.192,5.0,0
41,1,0,22317,635,29861,0.135,1.1,1
36,0,0,25210,602,229212,0.165,6.2,0
62,1,0,20000,693,47838,0.063,3.5,0
33,0,0,20000,594,161507,0.097,3.2,1
45,1,2,63029,801,231222,0.075,6.9,0
75,0,0,73530,721,83792,0.234,4.5,1
70,1,0,149041,551,191940,0.165,1.0,0
57,1,0,72725,627,161459,0.207,1.1,1
30,0,0,34580,674,70531,0.228,1.3,1
40,0,0,92115,781,217372,0.107,0.9,1
37,1,0,21653,716,115550,0.127,0.1,1
56,0,0,38598,756,79798,0.193,4.8,0
35,0,3,28660,641,243233,0.195,2.4,1
23,0,0,39635,702,242871,0.2,18.8,1
49,1,0,29925,474,241907,0.118,13.3,0
68,0,2,31377,565,309995,0.24,8.7,1
32,1,1,20000,716,147789,0.088,6.3,1
52,0,0,150150,669,252927,0.184,0.5,0
78,0,0,75592,662,104887,0.099,0.9,0
72,1,1,45520,795,205043,0.276,0.3,0
25,0,3,77541,655,112174,0.245,0.7,1
38,0,1,29121,736,166053,0.351,8.7,1
35,1,0,52298,594,300118,0.093,0.8,0
67,0,1,28343,585,64630,0.041,2.4,1
55,0,2,29824,762,183391,0.173,3.6,1
41,0,0,66408,792,159836,0.089,12.2,1
64,1,2,82411,604,155056,0.082,0.2,1
59,0,0,28087,670,191368,0.211,7.5,0
69,1,0,20000,708,110178,0.323,17.1,1
29,0,0,20000,708,174722,0.065,11.4,0
30,0,0,20000,850,73543,0.108,2.4,1
52,1,0,139736,662,212299,0.033,3.5,0
33,0,1,39389,716,102525,0.191,3.0,1
44,0,0,39360,850,126279,0.308,12.3,1
31,1,0,23091,776,223080,0.156,4.3,0
78,1,1,76003,786,75580,0.139,1.0,0
47,1,0,38307,800,158086,0.067,8.1,1
36,1,1,21428,707,247365,0.086,20.5,1
47,0,2,240075,668,185744,0.055,5.3,0
39,0,1,20000,607,70017,0.176,4.4,0
31,0,0,62583,666,142653,0.203,3.0,0
59,1,1,44773,850,255359,0.105,0.8,1
70,0,1,95798,761,237825,0.17,0.5,1
49,1,0,20000,758,164459,0.113,5.3,0
24,0,0,20000,642,197498,0.232,2.3,0
74,0,0,34588,850,79475,0.152,1.6,1
40,0,1,40459,796,222550,0.205,9.8,1
22,1,0,53743,737,130463,0.205,13.3,1
51,0,0,29305,675,220770,0.031,0.2,0
41,1,0,80566,850,32631,0.151,7.3,1
53,1,0,30107,756,243429,0.063,0.8,1
66,0,0,31880,601,65027,0.137,8.2,0
30,0,2,51603,832,234714,0.233,3.5,1
58,1,0,73504,601,205171,0.231,0.0,1
66,1,0,75739,681,97400,0.169,4.1,1
18,0,0,63263,698,167839,0.225,16.3,1
53,1,0,20000,850,68911,0.4,3.5,1
30,1,0,99543,661,255271,0.229,1.3,0
51,1,0,20000,779,173591,0.136,5.2,1
49,1,0,57888,678,49864,0.051,2.7,0
49,1,0,41696,498,194196,0.298,1.6,1
24,1,0,30610,740,206989,0.037,19.0,0
32,1,0,59532,662,202119,0.084,0.1,0
19,1,0,20000,688,10000,0.317,0.4,0
50,1,2,41959,720,10000,0.353,3.5,1
55,0,1,28855,842,147161,0.132,7.9,1
28,0,0,26698,843,145022,0.166,5.0,1
39,1,0,108303,574,96671,0.318,18.0,1
44,0,0,38157,562,90479,0.179,7.0,0
29,0,1,20000,653,74648,0.309,0.8,0
48,1,0,38767,697,107953,0.245,1.4,0
78,1,0,30141,850,117804,0.241,4.3,0
55,1,0,126793,813,65709,0.078,6.6,1
59,0,1,64543,648,59976,0.142,6.9,1
20,1,0,72585,740,193233,0.092,27.7,1
46,1,1,73116,738,86859,0.18,4.7,0
52,0,0,20000,709,155239,0.052,1.8,0
47,1,0,93782,597,226624,0.135,6.6,0
30,1,0,144410,776,177796,0.117,3.9,1
37,1,2,36487,658,151500,0.081,1.2,1
79,1,0,20000,645,193164,0.032,18.3,0
66,1,2,128021,734,124186,0.14,1.8,1
72,1,0,43065,846,110249,0.129,0.4,0
79,1,0,20000,605,133006,0.24,4.9,1
78,0,0,20000,698,189773,0.215,3.9,1
52,0,2,126604,850,197745,0.322,3.5,1
19,1,1,46080,850,190988,0.052,12.4,1
64,1,0,35879,850,138774,0.23,4.2,1
59,0,0,120835,661,140422,0.112,7.1,1
69,0,0,27127,687,176456,0.253,6.9,1
50,1,0,20000,692,10000,0.099,9.9,0
52,0,0,99923,724,212915,0.139,3.3,1
72,1,2,20000,752,82127,0.129,1.4,0
34,0,2,65125,709,214788,0.308,2.6,1
41,1,1,20000,773,242234,0.197,8.3,0
24,0,0,20000,739,78804,0.132,1.4,0
54,1,1,25328,745,86425,0.179,6.9,0
61,1,0,20000,622,10000,0.167,3.2,1
43,1,3,20000,687,100735,0.107,3.5,1
21,0,0,127277,545,131981,0.161,3.3,1
65,1,0,55514,850,32561,0.135,7.4,1
78,1,0,36432,438,271358,0.409,1.3,0
23,1,0,44690,632,54808,0.322,1.2,1
30,0,1,48203,602,223586,0.088,1.0,0
29,0,1,114530,847,182311,0.078,0.5,0
45,1,0,20000,689,43201,0.083,4.0,0
62,0,0,70280,690,10000,0.167,0.0,0
59,0,0,27746,589,230999,0.078,0.6,0
19,0,2,119995,684,38462,0.307,5.2,1
46,1,1,68579,603,213210,0.177,3.0,0
35,0,0,58282,594,66943,0.153,8.6,0
56,1,2,20000,664,272714,0.202,1.9,1
74,1,0,109895,775,92158,0.105,0.7,0
61,0,0,97372,684,125025,0.141,0.4,0
67,0,1,30917,740,95838,0.351,5.1,1
72,0,1,37305,841,136319,0.132,1.7,1
43,1,3,20000,516,55585,0.156,1.5,0
36,1,0,20276,610,78816,0.204,3.6,1
63,0,0,34014,683,188980,0.212,4.4,0
43,1,2,64640,567,76204,0.19,6.7,0
22,0,0,81643,606,107393,0.213,1.5,0
34,1,1,80202,652,214903,0.058,6.6,1
48,1,1,34218,626,143612,0.181,0.5,0
58,0,0,27949,665,298078,0.16,0.3,0
20,0,1,61528,722,198496,0.143,15.3,1
46,0,1,20000,637,90065,0.197,6.5,1
21,0,0,131412,638,58066,0.187,0.5,1
68,1,1,24604,703,135929,0.034,4.5,0
63,0,2,20412,703,253270,0.289,1.7,0
61,0,0,25676,649,36044,0.074,1.7,1
64,1,0,20000,719,78991,0.145,1.1,0
76,1,0,40657,799,109558,0.245,9.9,1
18,0,0,31992,681,55779,0.294,2.6,0
61,1,1,20000,706,25186,0.191,5.5,1
75,1,0,30255,614,266613,0.381,7.1,0
70,0,0,20000,850,143325,0.067,12.9,1
79,1,1,130583,850,60581,0.179,5.9,1
36,0,2,42622,617,144321,0.221,3.1,0
18,0,2,20000,627,159252,0.021,2.1,1
78,0,0,32509,829,31984,0.23,0.2,1
69,0,0,42705,601,182389,0.22,10.2,1
27,1,0,31323,739,21957,0.146,6.4,0
29,0,3,23889,654,89039,0.2,4.5,0
26,1,2,99289,806,308329,0.235,2.5,1
49,0,0,39592,785,134716,0.043,2.8,0
30,0,0,30294,779,142864,0.24,1.9,0
54,0,0,20000,761,10000,0.121,1.9,1
66,0,0,77221,800,214798,0.26,11.9,1
36,0,0,24749,759,274128,0.116,1.3,0
53,0,0,22720,721,142872,0.035,11.6,1
39,0,0,95253,843,294168,0.393,8.3,1
46,1,1,44903,825,127802,0.083,4.3,1
33,0,0,20000,778,62069,0.071,9.6,1
31,0,0,20000,658,168793,0.054,2.6,1
62,1,0,20000,850,185123,0.095,7.6,1
38,0,1,20046,824,62556,0.168,5.9,1
30,1,1,146429,735,117790,0.252,1.9,0
52,1,1,54631,596,132481,0.048,7.0,1
79,0,0,23324,829,106549,0.135,0.9,1
37,0,2,113133,465,210197,0.182,4.6,1
45,0,2,108033,716,169029,0.218,19.1,1
66,0,0,20000,759,10000,0.198,5.0,1
28,1,0,25684,682,162526,0.208,2.6,0
59,1,3,64067,670,176554,0.126,18.6,0
43,0,1,20000,700,49993,0.152,1.0,0
28,1,2,43572,617,85754,0.289,2.8,1
70,0,0,20000,617,173830,0.185,4.7,0
79,0,0,38953,553,121620,0.241,0.5,0
73,0,0,74195,779,181669,0.096,2.3,1
41,0,0,60931,748,11595,0.002,7.6,1
75,1,0,35314,514,144570,0.143,8.4,0
38,0,0,20000,771,132651,0.173,9.5,0
70,0,3,20000,591,233742,0.023,0.5,1
68,0,0,56659,789,80117,0.143,1.9,1
60,0,3,20000,702,177886,0.099,2.0,1
41,1,0,78195,790,152100,0.236,0.8,0
76,1,0,33077,511,144476,0.096,2.4,0
20,1,0,23053,669,158570,0.334,3.4,0
75,0,0,94298,592,199585,0.201,1.1,0
69,1,1,20000,501,121183,0.055,2.1,0
76,1,2,25730,682,169090,0.335,3.7,1
18,1,0,23730,846,256241,0.199,1.1,1
40,0,0,20000,645,60425,0.052,1.8,1
23,1,0,20000,755,116200,0.126,0.1,1
36,0,0,66880,606,119159,0.21,1.5,0
63,0,0,128810,574,193888,0.184,3.7,1
26,1,0,92754,774,147104,0.055,0.9,0
19,0,0,22943,727,219056,0.195,0.9,0
42,0,0,20000,609,213451,0.192,1.2,1
43,0,0,64990,576,173494,0.07,4.5,0
35,0,1,49688,762,95351,0.104,0.3,0
38,1,2,112833,683,325898,0.211,0.9,1
55,1,0,20000,730,23683,0.077,3.9,1
33,1,0,69842,559,114861,0.237,9.7,1
43,0,0,42762,708,99837,0.032,0.2,0
24,1,0,41175,671,370020,0.308,1.0,0
52,1,1,38382,645,261405,0.329,0.2,0
74,0,0,61225,850,57810,0.276,9.9,1
34,1,0,56376,777,267651,0.151,2.5,0
60,0,0,20000,651,314913,0.177,6.5,1
50,0,0,23019,850,44298,0.215,0.8,1
31,1,0,40594,819,127488,0.294,5.5,1
70,0,2,37186,678,242835,0.275,2.6,0
79,0,1,20000,595,124278,0.358,6.8,1
74,0,0,57392,665,101233,0.177,1.8,0
52,1,1,32684,403,219322,0.192,0.8,1
34,0,0,20000,802,211274,0.159,0.5,1
48,1,0,45820,850,194810,0.128,6.4,1
45,0,1,69921,672,243562,0.058,3.4,1
67,1,1,21619,664,170675,0.141,3.8,0
63,1,1,21373,803,25520,0.141,1.8,0
76,0,0,67089,751,229821,0.104,6.8,1
64,0,1,111686,791,247140,0.096,3.6,1
50,0,0,53458,601,154940,0.348,3.4,0
40,0,0,88856,697,134077,0.147,1.6,0
40,1,0,58185,660,198340,0.304,5.6,0
41,1,3,38139,598,153854,0.247,4.4,1
70,0,0,38055,588,149938,0.088,8.3,0
52,1,0,20000,593,54526,0.303,10.0,0
34,0,2,80625,689,131761,0.349,15.3,1
64,1,0,128398,821,164522,0.224,8.8,1
25,0,3,26308,628,229635,0.212,3.5,1
22,1,0,42509,578,92842,0.215,2.3,0
18,0,0,20187,627,216393,0.046,6.6,0
28,0,0,54793,596,128227,0.236,14.1,1
60,0,2,20506,552,201256,0.246,1.3,0
59,1,1,20000,582,119088,0.138,1.4,0
18,0,1,30353,847,60028,0.225,2.2,1
33,1,0,20000,640,314544,0.196,5.4,1
34,1,0,20000,559,187971,0.201,5.8,0
41,0,0,27749,736,183004,0.12,0.6,0
48,1,3,143032,788,116619,0.057,15.4,1
44,0,0,158063,606,90015,0.068,1.3,0
67,0,1,20000,705,168791,0.139,18.2,0
47,1,0,41221,820,71971,0.009,0.3,1
29,1,0,22674,668,129304,0.073,0.6,1
61,1,0,20000,828,109205,0.178,0.7,0
68,0,0,20000,735,80923,0.067,0.0,0
